{
    "accuracy": 0.6829268292682927,
    "precision": 0.6343283582089553,
    "recall": 0.3483606557377049,
    "f1_score": 0.4497354497354497
}